{"schemaVersion":"1.0"}
{"id":1528031163228,"pid":1528031162407,"result":51.666877554361974,"temperature":{"id":1528031163228,"pid":1528031162407,"stage":3,"name":"Temperature","value":400.0,"minValue":0.0,"maxValue":5000.0},"surface":{"id":1528031163228,"pid":1528031162407,"stage":3,"name":"Surface","value":1000.0,"minValue":0.0,"maxValue":1000000.0},"flexibility":{"id":1528031163228,"pid":1528031162407,"stage":3,"name":"Flexibility","value":270.0,"minValue":0.0,"maxValue":1000000.0}}
{"id":1528326321441,"pid":1528326320586,"result":59.82283194000752,"temperature":{"id":1528326321441,"pid":1528326320586,"stage":3,"name":"Temperature","value":400.0,"minValue":0.0,"maxValue":5000.0},"surface":{"id":1528326321441,"pid":1528326320586,"stage":3,"name":"Surface","value":1000.0,"minValue":0.0,"maxValue":1000000.0},"flexibility":{"id":1528326321441,"pid":1528326320586,"stage":3,"name":"Flexibility","value":270.0,"minValue":0.0,"maxValue":1000000.0}}
{"id":1528326850570,"pid":1528326849788,"result":516.4718476987277,"temperature":{"id":1528326850570,"pid":1528326849788,"stage":3,"name":"Temperature","value":400.0,"minValue":0.0,"maxValue":5000.0},"surface":{"id":1528326850570,"pid":1528326849788,"stage":3,"name":"Surface","value":1000.0,"minValue":0.0,"maxValue":1000000.0},"flexibility":{"id":1528326850570,"pid":1528326849788,"stage":3,"name":"Flexibility","value":270.0,"minValue":0.0,"maxValue":1000000.0}}
{"id":1528327383679,"pid":1528327383115,"result":526.6070740891062,"temperature":{"id":1528327383679,"pid":1528327383115,"stage":3,"name":"Temperature","value":400.0,"minValue":0.0,"maxValue":5000.0},"surface":{"id":1528327383679,"pid":1528327383115,"stage":3,"name":"Surface","value":1000.0,"minValue":0.0,"maxValue":1000000.0},"flexibility":{"id":1528327383679,"pid":1528327383115,"stage":3,"name":"Flexibility","value":270.0,"minValue":0.0,"maxValue":1000000.0}}
