{"schemaVersion":"1.0"}
{"id":1528132648571,"pid":1528132647550,"wjp":19.07857773973069,"temperature":{"id":1528132648573,"pid":1528132647550,"stage":3,"name":"Temperature","value":400.0,"minValue":0.0,"maxValue":5000.0},"surface":{"id":1528132648573,"pid":1528132647550,"stage":3,"name":"Surface","value":1000.0,"minValue":0.0,"maxValue":1000000.0},"flexibility":{"id":1528132648573,"pid":1528132647550,"stage":3,"name":"Flexibility","value":270.0,"minValue":0.0,"maxValue":1000000.0}}
{"id":1528132741266,"pid":1528132740736,"wjp":38.00680351533441,"temperature":{"id":1528132741266,"pid":1528132740736,"stage":3,"name":"Temperature","value":400.0,"minValue":0.0,"maxValue":5000.0},"surface":{"id":1528132741267,"pid":1528132740736,"stage":3,"name":"Surface","value":1000.0,"minValue":0.0,"maxValue":1000000.0},"flexibility":{"id":1528132741267,"pid":1528132740736,"stage":3,"name":"Flexibility","value":270.0,"minValue":0.0,"maxValue":1000000.0}}
{"id":1528132759327,"pid":1528132759259,"wjp":559.2177473144718,"temperature":{"id":1528132759327,"pid":1528132759259,"stage":3,"name":"Temperature","value":400.0,"minValue":0.0,"maxValue":5000.0},"surface":{"id":1528132759327,"pid":1528132759259,"stage":3,"name":"Surface","value":1000.0,"minValue":0.0,"maxValue":1000000.0},"flexibility":{"id":1528132759327,"pid":1528132759259,"stage":3,"name":"Flexibility","value":270.0,"minValue":0.0,"maxValue":1000000.0}}
{"id":1528132763171,"pid":1528132763107,"wjp":508.3466204593498,"temperature":{"id":1528132763171,"pid":1528132763107,"stage":3,"name":"Temperature","value":400.0,"minValue":0.0,"maxValue":5000.0},"surface":{"id":1528132763171,"pid":1528132763107,"stage":3,"name":"Surface","value":1000.0,"minValue":0.0,"maxValue":1000000.0},"flexibility":{"id":1528132763171,"pid":1528132763107,"stage":3,"name":"Flexibility","value":270.0,"minValue":0.0,"maxValue":1000000.0}}
{"id":1528132765087,"pid":1528132765019,"wjp":544.8643574904178,"temperature":{"id":1528132765087,"pid":1528132765019,"stage":3,"name":"Temperature","value":400.0,"minValue":0.0,"maxValue":5000.0},"surface":{"id":1528132765087,"pid":1528132765019,"stage":3,"name":"Surface","value":1000.0,"minValue":0.0,"maxValue":1000000.0},"flexibility":{"id":1528132765087,"pid":1528132765019,"stage":3,"name":"Flexibility","value":270.0,"minValue":0.0,"maxValue":1000000.0}}
{"id":1528132766783,"pid":1528132766707,"wjp":64.95576293599015,"temperature":{"id":1528132766783,"pid":1528132766707,"stage":3,"name":"Temperature","value":400.0,"minValue":0.0,"maxValue":5000.0},"surface":{"id":1528132766783,"pid":1528132766707,"stage":3,"name":"Surface","value":1000.0,"minValue":0.0,"maxValue":1000000.0},"flexibility":{"id":1528132766783,"pid":1528132766707,"stage":3,"name":"Flexibility","value":270.0,"minValue":0.0,"maxValue":1000000.0}}
{"id":1528134254139,"pid":1528134253563,"wjp":80.62282194443748,"temperature":{"id":1528134254139,"pid":1528134253563,"stage":3,"name":"Temperature","value":400.0,"minValue":0.0,"maxValue":5000.0},"surface":{"id":1528134254139,"pid":1528134253563,"stage":3,"name":"Surface","value":1000.0,"minValue":0.0,"maxValue":1000000.0},"flexibility":{"id":1528134254139,"pid":1528134253563,"stage":3,"name":"Flexibility","value":270.0,"minValue":0.0,"maxValue":1000000.0}}
{"id":1528134355959,"pid":1528134355409,"wjp":2.7233958592374847,"temperature":{"id":1528134355961,"pid":1528134355409,"stage":3,"name":"Temperature","value":400.0,"minValue":0.0,"maxValue":5000.0},"surface":{"id":1528134355961,"pid":1528134355409,"stage":3,"name":"Surface","value":1000.0,"minValue":0.0,"maxValue":1000000.0},"flexibility":{"id":1528134355961,"pid":1528134355409,"stage":3,"name":"Flexibility","value":270.0,"minValue":0.0,"maxValue":1000000.0}}
{"id":1528136335495,"pid":1528136334902,"wjp":501.03956136667756,"temperature":{"id":1528136335495,"pid":1528136334902,"stage":3,"name":"Temperature","value":400.0,"minValue":0.0,"maxValue":5000.0},"surface":{"id":1528136335495,"pid":1528136334902,"stage":3,"name":"Surface","value":1000.0,"minValue":0.0,"maxValue":1000000.0},"flexibility":{"id":1528136335495,"pid":1528136334902,"stage":3,"name":"Flexibility","value":270.0,"minValue":0.0,"maxValue":1000000.0}}
{"id":1528147463901,"pid":1528147463360,"wjp":41.004638681732445,"temperature":{"id":1528147463901,"pid":1528147463360,"stage":3,"name":"Temperature","value":400.0,"minValue":0.0,"maxValue":5000.0},"surface":{"id":1528147463902,"pid":1528147463360,"stage":3,"name":"Surface","value":1000.0,"minValue":0.0,"maxValue":1000000.0},"flexibility":{"id":1528147463902,"pid":1528147463360,"stage":3,"name":"Flexibility","value":270.0,"minValue":0.0,"maxValue":1000000.0}}
{"id":1528380216407,"pid":1528380216182,"wjp":68.98679892007533,"temperature":{"id":1528380216407,"pid":1528380216182,"stage":3,"name":"Temperature","value":400.0,"minValue":0.0,"maxValue":5000.0},"surface":{"id":1528380216407,"pid":1528380216182,"stage":3,"name":"Surface","value":1000.0,"minValue":0.0,"maxValue":1000000.0},"flexibility":{"id":1528380216407,"pid":1528380216182,"stage":3,"name":"Flexibility","value":270.0,"minValue":0.0,"maxValue":1000000.0}}
